**501st (GAS L)**: 501st, generalskywalker, general skywalker, generalanakinskywalker, gas

**Bad Batch**: badbatch, bad batch, bb, hunter, hunt

**Bastila L w/ JMLS**: bastilashan, bastila shan, bastila, bs, gml, jml, jmls

**Bounty Hunters (Aurra L)**: bh_aurra, bhaurra, aurra_sing, aurra sing, aurra, sing

**Bounty Hunters (Bossk L)**: bh_bossk, bhbossk, bossk

**Bounty Hunters (Jango L)**: bh_jango, bhjango, jangofett, jango fett, jango, jf

**Bounty Hunters (Zam L)**: bh_zam, bhzam, zamwesell, zam wesell, zam

**Clones (Rex L)**: clonesrex, ct7567, ct-7567 "rex", rex

**Clones (Shaak Ti L)**: clonesshaak, shaakti, shaakti, shaak

**Rebels (CLS L)**: commanderlukeskywalker, commander luke skywalker, cls

**Empire (EP L)**: emperorpalpatine, emperor palpatine, palpatine, palp, ep

**Empire (Iden L)**: idenversioempire, iden versio, iden, versio, iv

**Ewoks**: ewoks, chiefchirpa, chief chirpa, chirpa, cc

**First Order (Hux L)**: fohux, fogh, generalhux, general hux, hux, gh

**First Order (KRU L)**: fokru, kylorenunmasked, kylo ren (unmasked), matt, kru

**First Order (Phasma L)**: fophasma, focp, phasma, captain phasma, cp

**Galactic Republic**: galacticrepublic, gr, padmeadmidala, padme amidala, padme, amidala, pa

**Geonosians**: geonosians, geos, geo, geonosianbroodalpha, geonosian brood alpha, alpha, brood, gba

**Grievous L**: gg, ggseps, ggdroids, grievous, general grievous

**Grievous L w/ Nute**: ggnute, grievousnute

**Rey L**: glrey, glr

**Imperial Troopers**: imperialtroopers, imperial troopers, generalveers, general veers, veers, gv

**Jawas**: jawas, chiefnebit, chief nebit, nebit, cn

**Jedi (JKR L)**: jediknightrevan, jedi knight revan, jkr

**Jedi (QGJ L)**: quigonjinn, qui-gon jinn, qgj

**Jedi Master Kenobi L**: jedimasterkenobi, jedi master kenobi, glk, glow, jmk

**Old Republic (Carth L)**: orcarth, or, carthonasi, carth onasi, carth, onasi

**Lord Vader L**: lordvader, lord vader, glvader, lv

**Mandalorian (Bo-Katan L)**: bokatan, bo-katan kryze, bo katan, katan, bk, bok

**Mandalorian (Maul L)**: mandomaul, mauls7, cymaul, newmaul, dm2

**Mon Mothma L**: monmothma, mon mothma, mon, mothma, momo, mm

**Mon Mothma L w/ Wiggs**: monmothmawiggs, momowiggs, mmwiggs

**Nightsisters (Asajj L)**: asajventress, asajj ventress, asajj, ventress, av

**Nightsisters (Talzin L)**: mothertalzin, mother talzin, talzin, mt

**Nute Separatists**: nutegunray, nute gunray, nute, gunray, nutesep, ngsep

**Phoenix**: phoenix, herasyndullas3, hera syndulla, hera, syndulla

**Phoenix w/ Chopper**: phoenixchop, herachop

**Rogue One**: rogueone, rogue one, ro, jynerso, jyn erso, jyn

**Scoundrels (BAM L)**: themandalorianbeskararmor, the mandalorian (beskar armor), tmba, mba, bam

**Scoundrels (BAM L) w/ Nest**: tmbanest, mbanest, bamnest

**Scoundrels (Dash L)**: dashrendar, dash rendar, dash, rendar

**Scoundrels (Qi\ra L)**: qira, qi\ra

**Scoundrels (Scion L)**: bobafettscion, bobafett, scion of jango, boba fett scion, bfscion, bobafatt, scion, bf2, bfat, bfs

**Sith Eternal Emperor L**: sithpalpatine, sith eternal emperor, emperor, see

**Resistance (Finn L)**: resistancefinn, resistancerfinn, finn, fin, ogfinn

**Resistance (JTR L)**: resistancejtr, resistancerjt, reyjeditraining, rey (jedi training), jtr, rjt

**Sith Empire w/o Malak**: sithempire, se_nomalak

**Sith Empire w/ Malak**: semalak, darthrevan, darth revan, drevan, dr

**Sith Triumvirate**: sithtrio, trio, darthtraya, darth traya, traya